{"formRepresentation":{"id":"form-62504145-aaba-4dcb-ac52-9ea69e025886","name":"StandAloneForm","description":"","version":0,"formDefinition":{"tabs":[{"id":"f9b7c429-c7e9-4ccc-8794-e3cf047213b6","title":"New Tab","visibilityCondition":null}],"fields":[{"id":"1cc4b4e1-5b56-4a97-a05c-2a7d9d389237","name":"Label","type":"container","tab":"f9b7c429-c7e9-4ccc-8794-e3cf047213b6","numberOfColumns":2,"fields":{"1":[{"id":"Text0ozsmv","name":"Text","type":"text","required":false,"colspan":1,"placeholder":null,"minLength":0,"maxLength":0,"regexPattern":null,"visibilityCondition":null,"params":{"existingColspan":1,"maxColspan":2}}],"2":[]}}],"outcomes":[],"metadata":{},"variables":[]},"standAlone":true}}